date,return
2018-01-02,0.0
2018-01-03,0.026863201216784427
2018-01-04,0.046200091485329775
2018-01-05,0.0026858213616489657
2018-01-08,0.02859278639506635
2018-01-09,0.061349321705426396
2018-01-10,0.0060675225867807825
2018-01-11,-0.020607252240329887
2018-01-12,0.02627210254034451
2018-01-15,-0.005736856954763336
2018-01-16,-0.023514945138100818
2018-01-17,-0.04845302904081972
2018-01-18,0.005721149930776104
2018-01-19,-0.0011336720853493132
2018-01-22,0.04754666504529692
2018-01-23,0.0002708611449686593
2018-01-24,-0.01802673062416582
2018-01-25,0.009257617837656884
2018-01-26,0.015730205507523687
2018-01-29,-0.07858583917763484
2018-01-30,0.01201126055677193
2018-01-31,0.04627969751292982
2018-02-01,-0.013411583984875075
2018-02-02,-0.03459358032577453
2018-02-05,-0.045840828732708894
2018-02-06,-0.020305118536817934
2018-02-07,-0.05624986175319058
2018-02-08,0.041156893076454315
2018-02-09,-0.039529962631128734
2018-02-12,0.032930202034406664
2018-02-13,0.0329014544711943
2018-02-14,0.014213220271962479
2018-02-22,0.051984058222145135
2018-02-23,6.176906605159793e-05
2018-02-26,0.0021206069465320443
2018-02-27,-0.01136130172165839
2018-02-28,-0.0256852517611853
2018-03-01,0.03487256052042231
2018-03-02,-0.011459192085737868
2018-03-05,-0.03398382119923282
2018-03-06,-0.00399274830577967
2018-03-07,-0.017811870246375983
2018-03-08,0.028062744059832
2018-03-09,0.011674070259018343
2018-03-12,-0.009015124196593338
2018-03-13,-0.02911083522411062
2018-03-14,0.03644340579390626
2018-03-15,0.04167109825360016
2018-03-16,-0.013518480702470859
2018-03-19,0.028214788440837912
2018-03-20,-0.011576171206538977
2018-03-21,-0.0116710118950627
2018-03-22,-0.03280918327391136
2018-03-23,-0.032004432038524655
2018-03-26,0.005349006141451618
2018-03-27,0.0027369066386406793
2018-03-28,-0.07138022141188294
2018-03-29,0.0165773137697518
2018-03-30,-0.012675502509656877
2018-04-02,-0.008340166334778076
2018-04-03,-0.005079260081740755
2018-04-04,0.0382295673647719
2018-04-09,0.009811545146830136
2018-04-10,0.02201435916019312
2018-04-11,-0.005894736842105286
2018-04-12,-0.02487795091286027
2018-04-13,-0.01677982762956365
2018-04-16,-0.012741519216908026
2018-04-17,-0.0357504533571984
2018-04-18,-0.02579195466868578
2018-04-19,0.06097224659663558
2018-04-20,-0.022921146529927383
2018-04-23,0.009069143147355518
2018-04-24,0.03803566292781135
2018-04-25,0.002516681674401333
2018-04-26,-0.02934131736526946
2018-04-27,-0.03725145921321116
2018-05-02,0.01306190851735023
2018-05-03,0.007419841385685855
2018-05-04,-0.019342686725749125
2018-05-07,0.0869244028564391
2018-05-08,0.02415043044857268
2018-05-09,-0.015219218687784752
2018-05-10,0.02749449660811365
2018-05-11,0.00837304883914114
2018-05-14,0.05287804878048785
2018-05-15,0.001338439996705354
2018-05-16,-0.017561537354253698
2018-05-17,-0.014945054945054936
2018-05-18,0.025371326576145936
2018-05-21,-0.009325458501709627
2018-05-22,0.009936199142349222
2018-05-23,-0.03270505385252698
2018-05-24,-0.01794394124322818
2018-05-25,0.0031833940213243928
2018-05-28,0.051163902714686404
2018-05-29,-0.018547236523788757
2018-05-30,-0.011713647663590732
2018-05-31,0.05384779364740999
2018-06-01,-0.01217736062788255
2018-06-04,0.07548019822254992
2018-06-05,0.011576542269611467
2018-06-06,-0.00432916729408217
2018-06-07,-0.009036258459677038
2018-06-08,-0.005761159862648024
2018-06-11,-0.004259564833646534
2018-06-12,0.045205796207800075
2018-06-13,-0.016334205965856774
2018-06-14,-0.007871654546817486
2018-06-15,-0.0034003324769534826
2018-06-19,-0.06696868602623385
2018-06-20,0.051987891839180955
2018-06-21,-0.008246108686416287
2018-06-22,0.014039528770324328
2018-06-25,-0.0018626622628467038
2018-06-26,-0.020700667577290832
2018-06-27,-0.06357189163703503
2018-06-28,-0.024146684288921083
2018-06-29,0.044135351276979984
2018-07-02,-0.04099322613189493
2018-07-03,-0.03570355103267642
2018-07-04,-0.008927975064009774
2018-07-05,0.025789639214629068
2018-07-06,0.025688756515264366
2018-07-09,0.028013237963061766
2018-07-10,-0.0030739194550024607
2018-07-11,-0.012875268234754933
2018-07-12,0.037905489542221504
2018-07-13,0.019216300302987266
2018-07-16,0.01534256414348989
2018-07-17,-0.024071053820911348
2018-07-18,-0.010047114726372208
2018-07-19,0.007138934651290452
2018-07-20,0.00036350418029806875
2018-07-23,-0.018289728682170492
2018-07-24,0.027411063129755275
2018-07-25,-0.003182354942657506
2018-07-26,-0.016444462292185325
2018-07-27,0.0060018372971317735
2018-07-30,-0.03926621887619475
2018-07-31,0.015271206488678635
2018-08-01,-0.02392493810722529
2018-08-02,-0.04071019033612555
2018-08-03,-0.03743862065900849
2018-08-06,-0.021490235907852817
2018-08-07,0.03915925550234722
2018-08-08,-0.022837166012122267
2018-08-09,0.036380532001393906
2018-08-10,-0.010535518145748823
2018-08-13,-0.01803312113454625
2018-08-14,0.002099434767562691
2018-08-15,-0.03989778064278493
2018-08-16,-0.03443397357504241
2018-08-17,-0.033724886383390995
2018-08-20,0.025521087666092734
2018-08-21,0.06691393915091992
2018-08-22,-0.008902565066240764
2018-08-23,0.005948854075320531
2018-08-24,-0.023348412025256837
2018-08-27,0.06513400718886442
2018-08-28,-0.01426856612234717
2018-08-29,0.011143533304229791
2018-08-30,-0.012384111979640067
2018-08-31,-0.048800128845224666
2018-09-03,0.01698031058003968
2018-09-04,0.021001807630101732
2018-09-05,-0.04018449926619605
2018-09-06,-0.03346924906557924
2018-09-07,0.017502448333877263
2018-09-10,-0.015227048371174723
2018-09-11,0.003007292684760632
2018-09-12,-0.03997701321739999
2018-09-13,0.005153163469796551
2018-09-14,0.0282747727920043
2018-09-17,0.007327575353158977
2018-09-18,0.052219778022197794
2018-09-19,0.034970185066400594
2018-09-20,-0.0065878572248364575
2018-09-21,0.049586394935071
2018-09-25,-0.006582423388517111
2018-09-26,0.061850415512465506
2018-09-27,-0.0019408965689957647
2018-09-28,0.012546264349789782
2018-10-08,-0.09055614067695106
2018-10-09,0.020096280485035756
2018-10-10,-0.05360283151169787
2018-10-11,-0.06099023873926834
2018-10-12,0.057637392916186636
2018-10-15,-0.0026052151670891144
2018-10-16,0.0005698952817418945
2018-10-17,-0.0033699598927309227
2018-10-18,-0.04710084533873071
2018-10-19,0.06012444710997822
2018-10-22,0.05421587346486567
2018-10-23,-0.11461664020749951
2018-10-24,-0.011995858272091264
2018-10-25,-0.04598435662798428
2018-10-26,-0.023845885914851483
2018-10-29,-0.16745807372437072
2018-10-30,-0.08271792166688641
2018-10-31,0.08949430327426944
2018-11-01,0.04651469666479735
2018-11-02,0.11631938971723987
2018-11-05,-0.06805410442492876
2018-11-06,-0.029694270217858865
2018-11-07,0.0012491022077880665
2018-11-08,0.012288307394816345
2018-11-09,-0.02569553563175886
2018-11-12,-0.03162255320494578
2018-11-13,0.05877934885543534
2018-11-14,-0.04595503192178407
2018-11-15,0.014870849901399863
2018-11-16,0.0009556270506163589
2018-11-19,0.02870508862934784
2018-11-20,-0.022954369682907982
2018-11-21,0.009815407022765399
2018-11-22,-0.0006270968551091993
2018-11-23,-0.02384463338876175
2018-11-26,-0.015395493845016595
2018-11-27,-0.013090030684859921
2018-11-28,0.029438031290311972
2018-11-29,-0.017350512482729896
2018-11-30,0.04381519144622836
2018-12-03,0.11339786360930981
2018-12-04,0.002897898320344261
2018-12-05,0.022078213544296732
2018-12-06,-0.05022918782422536
2018-12-07,-0.01387162962748878
2018-12-10,-0.028631714679248743
2018-12-11,0.017377662463042398
2018-12-12,0.017822193226973537
2018-12-13,0.03714710252600306
2018-12-14,-0.024692398449351116
2018-12-17,-0.007027852184682715
2018-12-18,0.0012182741116750773
2018-12-19,-0.03806819827910901
2018-12-20,-0.009938860946299921
2018-12-21,-0.021567852036625923
2018-12-24,0.0018343489615719744
2018-12-25,-0.006858455140738129
2018-12-26,-0.01784263483532278
2018-12-27,0.00929019121249719
2018-12-28,0.08514327144343214
2019-01-02,0.026057401812688674
2019-01-03,-0.025423968743806702
2019-01-04,0.03486041309589516
2019-01-07,0.009797041237402881
2019-01-08,-0.0019459579673080096
2019-01-09,0.03155813046626932
2019-01-10,0.007155393546645072
2019-01-11,0.0458713136729223
2019-01-14,-0.028914921432416585
2019-01-15,0.09339281471900329
2019-01-16,0.002703942444653773
2019-01-17,-0.004454289360267705
2019-01-18,0.058914578697881304
2019-01-21,0.007696875570984751
2019-01-22,-0.036218580721198435
2019-01-23,-0.012557909837029424
2019-01-24,0.016289980709233376
2019-01-25,0.016872495488950756
2019-01-28,-0.006222201737607458
2019-01-29,0.01855158500104359
2019-01-30,-0.020490403660952117
2019-01-31,0.031610998768100806
2019-02-01,0.006917062839375321
2019-02-11,0.07301409711344808
2019-02-12,-0.015390069442996257
2019-02-13,0.03670443714921112
2019-02-14,0.0039021001879544492
2019-02-15,-0.025193837888438875
2019-02-18,0.03177386693388451
2019-02-19,-0.018695748942799906
2019-02-20,-0.018062228087177057
2019-02-21,-0.0036746950003149204
2019-02-22,0.012139605462822445
2019-02-25,0.0339830084957522
2019-02-26,-0.03016755276300953
2019-02-27,0.02772125088251176
2019-02-28,0.028913179641565367
2019-03-01,0.06733563742046966
2019-03-04,-0.013688296874137529
2019-03-05,-0.0038799455315339237
2019-03-06,-0.022059511994157344
2019-03-07,-0.03714838289642497
2019-03-08,-0.02207505518763786
2019-03-11,0.04278770870192994
2019-03-12,-0.026386099030754506
2019-03-13,0.01800737120423035
2019-03-14,0.04722271412549439
2019-03-15,-0.0013152208631607154
2019-03-18,0.06168983876733214
2019-03-19,-0.03097533314431533
2019-03-20,0.0003474508082801364
2019-03-21,-0.012887775807542412
2019-03-22,0.01527834364235714
2019-03-25,-0.03356255586159085
2019-03-26,-0.00490723439593832
2019-03-27,0.02939893405155236
2019-03-28,0.03371842352550991
2019-03-29,0.08411314902946376
2019-04-01,0.008237151030876966
2019-04-02,-0.014676385695416072
2019-04-03,-0.00910249408337882
2019-04-04,0.034239139511967
2019-04-08,0.056844791111541726
2019-04-09,0.007334627080054501
2019-04-10,0.06521244482198929
2019-04-11,-0.032454216627267884
2019-04-12,-0.01648440604624457
2019-04-15,-0.01047543510467952
2019-04-16,0.049755758208187784
2019-04-17,0.0174318931612234
2019-04-18,-0.00920380046160596
2019-04-19,0.010089605990882156
2019-04-22,-0.004753887293255432
2019-04-23,0.03660634320401468
2019-04-24,-0.006788447296963596
2019-04-25,-0.024343095425486405
2019-04-26,-0.01043022926691195
2019-04-29,0.03857099952805232
2019-04-30,0.0027953731754337685
2019-05-06,-0.09337709240212566
2019-05-07,-0.02423397906790059
2019-05-08,-0.00869254769259431
2019-05-09,-0.04007015016519744
2019-05-10,0.078803993214146
2019-05-13,-0.022862327058289833
2019-05-14,-0.008402581124367536
2019-05-15,0.0630930087390762
2019-05-16,0.004271685040294626
2019-05-17,-0.0337942526383489
2019-05-20,-0.03302471937308993
2019-05-21,0.015707379652372566
2019-05-22,-0.010782003296212483
2019-05-23,-0.04204101334412902
2019-05-24,0.028444646717487698
2019-05-27,0.0007902264789088065
2019-05-28,0.014212845253699369
2019-05-29,0.03722965292807867
2019-05-30,-0.009922839042843856
2019-05-31,-0.023198338210543845
2019-06-03,0.003104481318783714
2019-06-04,-0.025842192408275788
2019-06-05,-0.005877400600447835
2019-06-06,-0.01513190483038529
2019-06-10,0.01452073463560244
2019-06-11,0.06366442244646664
2019-06-12,-0.006299615107048462
2019-06-13,0.004992964459171301
2019-06-14,0.004516507836141104
2019-06-17,-0.0020982269981865143
2019-06-18,0.008110178273733393
2019-06-19,0.022361932571547838
2019-06-20,0.06264572161342974
2019-06-21,0.001782702302428607
2019-06-24,0.01478378711346573
2019-06-25,-0.005557578945948549
2019-06-26,-0.004232172650940669
2019-06-27,0.022463185712923606
2019-06-28,0.0029177436116070155
2019-07-01,0.06357851667840109
2019-07-02,-0.008568252501155338
2019-07-03,-0.04673897980523334
2019-07-04,-0.00885458654367155
2019-07-05,0.024827659773057675
2019-07-08,-0.01946421369000384
2019-07-09,-0.011676817536456774
2019-07-10,0.008673120040814553
2019-07-11,-0.001357664816515558
2019-07-12,0.0061177975928665695
2019-07-15,-0.013459449434332194
2019-07-16,-0.010648583322143246
2019-07-17,-0.00610774054318175
2019-07-18,-0.021849864121157525
2019-07-19,0.011685537576612282
2019-07-22,0.0015869949216162915
2019-07-23,-0.004188539384670453
2019-07-24,-0.010543064683500525
2019-07-25,0.023268496636975167
2019-07-26,0.002774095685802891
2019-07-29,0.015508312891796106
2019-07-30,0.003381733272498133
2019-07-31,-0.008465962284338713
2019-08-01,-0.017939760173732333
2019-08-02,-0.006661447388300656
2019-08-05,-0.016620115594148333
2019-08-06,0.005441507311586102
2019-08-07,-0.0018180038317927583
2019-08-08,0.03737898762906822
2019-08-09,-0.013032615301506012
2019-08-12,0.07744937055281897
2019-08-13,-0.0008636017272033447
2019-08-14,0.03226052471018903
2019-08-15,0.0019332594508065792
2019-08-16,0.011921294873843191
2019-08-19,0.0015545866378419149
2019-08-20,0.017122415570241856
2019-08-21,-0.004768887776148367
2019-08-22,0.04552152089797179
2019-08-23,0.029904785911523124
2019-08-26,-0.030204590207705162
2019-08-27,0.006940301931812831
2019-08-28,-0.010127937842487222
2019-08-29,0.014950280821287132
2019-08-30,0.032771270141857656
2019-09-02,-0.003557429427846759
2019-09-03,0.001366346016109743
2019-09-04,-0.01649482267240332
2019-09-05,0.021246839266933604
2019-09-06,-0.001654305027553482
2019-09-09,-0.006551368434914329
2019-09-10,-0.013995515249257129
2019-09-11,-0.060865765947435646
2019-09-12,0.035166827708788206
2019-09-16,0.0
2019-09-17,-0.005750371642255447
2019-09-18,0.06361992628480029
2019-09-19,-0.004249893752656164
2019-09-20,0.013592041761055995
2019-09-23,-0.009091007244733884
2019-09-24,0.03813591640607128
2019-09-25,-0.01049571250144321
2019-09-26,-0.007424928667649544
2019-09-27,0.008281949624373564
2019-09-30,-0.026231558419535395
2019-10-08,0.018611839742264102
2019-10-09,-0.02168036158868214
2019-10-10,0.008945149522706863
2019-10-11,0.02121740260021432
2019-10-14,0.00572415913162394
2019-10-15,0.03267388302749885
2019-10-16,-0.04184655582432617
2019-10-17,0.014199431170574206
2019-10-18,-0.007919336204180283
2019-10-21,-0.007717879224188984
2019-10-22,0.002453935365476445
2019-10-23,-0.012654725033792169
2019-10-24,-0.009313556398758194
2019-10-25,0.022936977715877438
2019-10-28,0.0073820363357868235
2019-10-29,0.01553227884188968
2019-10-30,-0.009565696580263405
2019-10-31,-0.0039787102260202545
2019-11-01,0.005259385737473421
2019-11-04,0.015297189049770843
2019-11-05,-0.0006092775414102691
2019-11-06,-0.006199820205214035
2019-11-07,0.008702704388783289
2019-11-08,0.0037417279980209717
2019-11-11,-0.0061616192735450825
2019-11-12,0.0026865887555926893
2019-11-13,0.023083978276327466
2019-11-14,0.0060436959215124375
2019-11-15,-0.005106280725292178
2019-11-18,0.0023951613714814357
2019-11-19,0.005059986948446449
2019-11-20,0.0014284429971331836
2019-11-21,-0.0024438415193711593
2019-11-22,-0.03729738918275727
2019-11-25,-0.012401715882297881
2019-11-26,0.003092035379615554
2019-11-27,0.005189930486385608
2019-11-28,-0.01475926234979974
2019-11-29,-0.04954635442582345
2019-12-02,0.00445548414404584
2019-12-03,-0.016633953225323572
2019-12-04,0.0048828895880554946
2019-12-05,0.008382897542363432
2019-12-06,0.0447377499805246
2019-12-09,-0.01203702717385513
2019-12-10,0.006145751345056905
2019-12-11,-0.0058081592850176555
2019-12-12,-0.023691727297224463
2019-12-13,0.02870485884937679
2019-12-16,-0.016184251478368994
2019-12-17,0.024064841985840246
2019-12-18,-0.002109187749667174
2019-12-19,-0.011315477651931638
2019-12-20,-0.011984840795966067
2019-12-23,0.003278437715147575
2019-12-24,-0.0014160140294313672
2019-12-25,-0.015598241652759137
2019-12-26,0.001551298104092158
2019-12-27,0.03086727073583595
2019-12-30,0.02446955793811778
2019-12-31,-0.002933257906701514
2020-01-02,-0.05568572239091374
2020-01-03,-0.057233775048121216
2020-01-06,-0.0006727013088171363
2020-01-07,0.019533279795928005
2020-01-08,-0.007401830186493652
2020-01-09,0.016991282631781734
2020-01-10,0.011245367023534847
2020-01-13,0.013355725260135953
2020-01-14,-0.018890531219206363
2020-01-15,0.00539849572571538
2020-01-16,-0.0058235895107277
2020-01-17,0.0005709261564108559
2020-01-20,-0.018829812728953454
2020-01-21,-0.018260697628435407
2020-01-22,0.00024879453125925544
2020-01-23,-0.026898659212583387
2020-02-03,-0.05949584332436675
2020-02-04,0.044118598661817776
2020-02-05,0.01484915342472548
2020-02-06,0.025660755288485104
2020-02-07,0.005954011217357058
2020-02-10,-0.011257502041975953
2020-02-11,0.03772478030792814
2020-02-12,-0.0008422072752863885
2020-02-13,-0.007239850353332411
2020-02-14,-0.0034893052793188994
2020-02-17,0.006792954935396889
2020-02-18,-0.011384319317404579
2020-02-19,0.014658114145666534
2020-02-20,0.024847735388953796
2020-02-21,-0.005773763208047233
2020-02-24,-0.02914988941189811
2020-02-25,-0.014451778725392828
2020-02-26,-0.0013158206690533358
2020-02-27,0.016249836789440586
2020-02-28,-0.03549570173799288
2020-03-02,0.03513084757256868
2020-03-03,0.03157537612017136
2020-03-04,0.01805459473558879
2020-03-05,0.04687587028929796
2020-03-06,-0.01649339732062105
2020-03-09,-0.044889480346651967
2020-03-10,0.04756564489453763
2020-03-11,0.0027250018923623553
2020-03-12,-0.02158979391560356
2020-03-13,-0.029175438403121534
2020-03-16,-0.051123978201634834
2020-03-17,-0.026203381313040675
2020-03-18,-0.04559696265988422
2020-03-19,-0.015435913280807512
2020-03-20,0.051361847352798806
2020-03-23,-0.020247497046203544
2020-03-24,0.0469680236617287
2020-03-25,0.029220267468506478
2020-03-26,-0.017882596864066236
2020-03-27,0.012690568436708904
2020-03-30,-0.004145593234391787
2020-03-31,0.0463860508819296
2020-04-01,-0.009093285745137902
2020-04-02,0.048177845073815284
2020-04-03,-0.005701653588977562
2020-04-07,0.022188958351677446
2020-04-08,-0.00020458265139122744
2020-04-09,-0.0013569836192691698
2020-04-10,0.007009824538699583
2020-04-13,-0.002891504331901773
2020-04-14,0.024487954718764415
2020-04-15,0.004717623994884068
2020-04-16,0.00782578753508556
2020-04-17,0.029921210929007014
2020-04-20,0.0013068347457201313
2020-04-21,-0.027407712309375887
2020-04-22,0.04593453554507265
2020-04-23,0.007658373385178718
2020-04-24,-0.0016649853579228102
2020-04-27,0.024957570168640197
2020-04-28,0.0029958746901233013
2020-04-29,-0.004036644718007465
2020-04-30,-0.008815046901798462
2020-05-06,0.03315707560393233
2020-05-07,0.011227860063437456
2020-05-08,0.0024149449003951773
2020-05-11,0.007753512156399189
2020-05-12,0.009150195094249858
2020-05-13,0.002677509825099733
2020-05-14,-0.00847273517271352
2020-05-15,-0.012406879929885983
2020-05-18,0.030699686624698463
2020-05-19,-8.968770740269694e-05
2020-05-20,0.004386122273249082
2020-05-21,0.013484912080159228
2020-05-22,-0.03339589556513067
2020-05-25,0.03163258794679891
2020-05-26,-0.004329884153507768
2020-05-27,-0.01774985134499496
2020-05-28,0.005421180552418248
2020-05-29,0.020309677651266567
2020-06-01,0.046592740692461554
2020-06-02,-0.007397308692468907
2020-06-03,-0.00967375453589725
2020-06-04,0.007439622625356357
2020-06-05,0.014454944083755361
2020-06-08,-0.0158321954815418
2020-06-09,0.008894601104803224
2020-06-10,0.005998380184254248
2020-06-11,-0.019456068700049567
2020-06-12,0.013607245794240663
2020-06-15,-0.02815701098604395
2020-06-16,0.0181286194292265
2020-06-17,0.0009551016927471512
2020-06-18,0.006815645313817953
2020-06-19,0.022711695169110646
2020-06-22,-0.0006950132797179931
2020-06-23,0.029393013570464532
2020-06-24,0.002034956204203464
2020-06-29,0.0025365227163269832
2020-06-30,-0.00023219318472966766
2020-07-01,0.02513874762747559
2020-07-02,0.03884974141837105
2020-07-03,-0.0016619165432135707
2020-07-06,0.04384669850404488
2020-07-07,0.06350168495948161
2020-07-08,-0.004518961317419579
2020-07-09,0.01680832646050434
2020-07-10,0.005262134750869896
2020-07-13,0.04543757168387064
2020-07-14,-0.012750513464899416
2020-07-15,-0.0061184010750812146
2020-07-16,-0.09005278485620671
2020-07-17,0.024325077333028577
2020-07-20,-0.0077344752552584994
2020-07-21,0.021816903883324468
2020-07-22,0.006933601139091472
2020-07-23,-0.0014208911993550677
2020-07-24,-0.055206288180928875
2020-07-27,0.019730792345176607
2020-07-28,0.033692148202848715
2020-07-29,0.001373824521393896
2020-07-30,0.005487758867875447
2020-07-31,-0.001241651259730192
2020-08-03,-0.006953694406306221
2020-08-04,0.0013688359391659244
2020-08-05,-0.0013669647886356273
2020-08-06,-0.020663231966102424
2020-08-07,-0.004888498683055298
2020-08-10,0.0021104045059605614
2020-08-11,0.006000929721506232
2020-08-12,-0.010894069873275902
2020-08-13,0.005698146863541753
2020-08-14,0.018299678347961423
2020-08-17,0.020044374097139217
2020-08-18,0.010164047730368164
2020-08-19,-0.012074135190067059
2020-08-20,-0.015616618798335091
2020-08-21,0.00827706081570434
2020-08-24,0.013921288283542887
2020-08-25,0.020679557936497117
2020-08-26,0.0
2020-08-27,0.0026441211271888143
2020-08-28,0.017141463221671982
2020-08-31,0.01912120249677529
2020-09-01,0.009845511960261843
2020-09-02,-0.004396102710090277
2020-09-03,-0.0012651901897152706
2020-09-04,-0.014568118622489412
2020-09-07,-0.02988835254115274
2020-09-08,-0.008017014622769603
2020-09-09,-0.01562927884904397
2020-09-10,0.012077704421932456
2020-09-11,0.018235574118893316
2020-09-14,0.021727822806312913
2020-09-15,-0.003866502555113782
2020-09-16,-0.02257745230594055
2020-09-17,-0.036124403497276525
2020-09-18,0.01680960784448371
2020-09-21,-0.019043888735067127
2020-09-22,-0.0007641523072580148
2020-09-23,-0.01082343539008468
2020-09-24,-0.014389491353071882
2020-09-25,0.004091554720127899
2020-09-28,0.018220845942712227
2020-09-29,-0.0060133122291418095
2020-09-30,0.011264941693496233
2020-10-09,0.018909570993405733
2020-10-12,0.036854075138852416
2020-10-13,-0.007556625878677559
2020-10-14,-0.006558280156611751
2020-10-15,-0.002640630054331017
2020-10-16,-0.008604769690029768
2020-10-19,-0.008679454396143704
2020-10-20,0.023572357033654567
2020-10-21,-0.0004408503806447861
2020-10-22,0.0060363894886514835
2020-10-23,-0.017778039508208554
2020-10-26,-0.04818402259646126
2020-10-27,-0.012598072494908297
2020-10-28,0.028218232337909877
2020-10-29,0.007714049358886088
2020-10-30,-0.00409087488626958
2020-11-02,0.002740742267191454
2020-11-03,0.014378682011234378
2020-11-04,0.0030929436314399705
2020-11-05,0.015026559039162057
2020-11-06,-0.014114307317817265
2020-11-09,0.02822236125967925
2020-11-10,0.0015899395430396535
2020-11-11,-0.008916964443195896
2020-11-12,0.0022674242324371985
2020-11-13,-0.0195912086177642
2020-11-16,0.01680317147284316
2020-11-17,-0.009400728309056361
2020-11-18,-0.014751030574257862
2020-11-19,0.01793922024549821
2020-11-20,-0.00015272447177250292
2020-11-23,0.0466544911173834
2020-11-24,-0.016947969543147257
2020-11-25,-0.023636633554725006
2020-11-26,0.0049647312368197305
2020-11-27,0.0023089370995539316
2020-11-30,-0.015744672472747134
2020-12-01,0.015396412615856558
2020-12-02,0.0006632562598913871
2020-12-03,0.007212232576453648
2020-12-04,0.028740088220538418
2020-12-07,0.012217366520995698
2020-12-08,0.02352661448263338
2020-12-09,-0.006113254146314584
2020-12-10,-0.004367107683034055
2020-12-11,-0.007969407360272851
2020-12-14,0.005604717927001568
2020-12-15,-0.008044389672960617
2020-12-16,0.014976900986390262
2020-12-17,0.015690833379464753
2020-12-18,-0.012420517168291623
2020-12-21,-0.0015329993438762957
2020-12-22,0.023644436801798285
2020-12-23,-0.02360825298927871
2020-12-24,-0.00694956496092014
2020-12-25,-0.00021037911554155908
2020-12-28,0.026612369181638673
2020-12-29,-0.0036170943880780015
2020-12-30,0.03993247781024811
2020-12-31,0.03781730170643294
2021-01-04,-0.0005606041069856627
2021-01-05,0.03502936408662838
2021-01-06,0.02197546118662075
2021-01-07,0.021211269547510625
2021-01-08,-0.025963370876367575
2021-01-11,0.005187147815054027
2021-01-12,0.032441978870550336
2021-01-13,0.0015924466658789882
2021-01-14,-0.015386272367793441
2021-01-15,-0.02708629589694711
2021-01-18,-0.01017244979360632
2021-01-19,-0.028986526322621775
2021-01-20,0.017390819964349324
2021-01-21,0.01608063862638387
2021-01-22,0.005361598025638736
2021-01-25,0.050944933377641055
2021-01-26,-0.016886051030451932
2021-01-27,-0.027437126494023967
2021-01-28,-0.0005333930733575354
2021-01-29,0.015039038526195592
2021-02-01,-0.0036067866475286703
2021-02-02,0.01882740315865572
2021-02-03,0.023259909156355674
2021-02-04,0.0662752442172394
2021-02-05,-0.0037263129913036597
2021-02-08,0.02658674760218993
2021-02-09,0.040671311015088474
2021-02-10,0.06447627797450739
2021-02-18,-0.05446645913549164
2021-02-19,-0.0048741796977122
2021-02-22,-0.07657884307971807
2021-02-23,0.009152236704423222
2021-02-24,-0.056384061468183644
2021-02-25,-0.019748935329832573
2021-02-26,-0.014061442615159736
2021-03-01,0.01845360662695117
2021-03-02,-0.05144588664413341
2021-03-03,0.04447361141995554
2021-03-04,-0.05556161367542667
2021-03-05,0.01490551410553187
2021-03-08,-0.05423370713473108
2021-03-09,-0.013180279415049956
2021-03-10,0.019166695689525115
2021-03-11,0.04441849869005576
2021-03-12,-0.011997011653460898
2021-03-15,-0.027900584504826687
2021-03-16,0.019900751743090028
2021-03-17,0.011056121227641436
2021-03-18,0.021661206398149835
2021-03-19,-0.032174789408727644
2021-03-22,-0.011142728270009283
2021-03-23,0.0033844282512474066
2021-03-24,-0.003928633565122741
2021-03-25,-0.010142044974335018
2021-03-26,0.023907239909152445
2021-03-29,0.011730107461126682
2021-03-30,0.01206116853216388
2021-03-31,-0.025545107066846207
2021-04-01,0.019779472807403664
2021-04-02,0.06419747690256727
2021-04-06,-0.01846708320712198
2021-04-07,-0.03401470849766186
2021-04-08,0.004873320734896769
2021-04-09,-0.02694270364642548
2021-04-12,-0.006152431899611788
2021-04-13,0.006747721042191346
2021-04-14,0.014390161557236825
2021-04-15,-0.01713235013285752
2021-04-16,0.02186089630785104
2021-04-19,0.01793814545000183
2021-04-20,0.003629008586874649
2021-04-21,-0.007869870625707875
2021-04-22,-0.013131166958768148
2021-04-23,0.02902313052262273
2021-04-26,-0.016424503755152475
2021-04-27,0.008918174940035772
2021-04-28,-0.027890204921738326
2021-04-29,-0.008556781687174109
2021-04-30,-0.010804845073531522
2021-05-06,-0.026654468165817735
2021-05-07,-0.03209555304649847
2021-05-10,-0.014193594230188511
2021-05-11,0.04803522302711416
2021-05-12,0.014328371895758307
2021-05-13,-0.007062984873911549
2021-05-14,0.02182337576609439
2021-05-17,0.02679267559198939
2021-05-18,0.000732203389830488
2021-05-19,-0.005587773020432452
2021-05-20,0.0053848124308504275
2021-05-21,-0.009096477960827687
2021-05-24,0.015969232284218426
2021-05-25,0.0663460917138734
2021-05-26,0.012876901867908241
2021-05-27,0.012463916960399724
2021-05-28,-0.007386288094780813
2021-05-31,-0.005953001056657636
2021-06-01,0.0114532960040723
2021-06-02,-0.009349990625339255
2021-06-03,0.00010957321233795447
2021-06-04,0.014581600689239638
2021-06-07,0.0095715386616535
2021-06-08,-0.03889556055795684
2021-06-09,0.004299900343486263
2021-06-10,0.019634411093593318
2021-06-11,-0.02947729304885216
2021-06-15,0.007222844344904944
2021-06-16,-0.017687576751449163
2021-06-17,-0.0005607601644209703
2021-06-18,-0.03395789365316315
2021-06-21,-0.004955427791957234
2021-06-22,-0.003571753693578872
2021-06-23,-0.019868225886197077
2021-06-24,0.01647667768767236
2021-06-25,0.02332455875372208
2021-06-28,0.005803656145233704
2021-06-29,-0.021492696885367035
2021-06-30,-0.0028386571544871675
2021-07-01,0.025942914844933274
2021-07-02,-0.04816552186295864
2021-07-05,-0.01045058523277309
2021-07-06,0.010505369411032417
2021-07-07,-0.004895543405318059
2021-07-08,-0.010502575894929977
2021-07-09,-0.007200795495173384
2021-07-12,-0.006251441882972664
2021-07-13,0.012400344265265595
2021-07-14,-0.011689168782648585
2021-07-15,0.020366933019444478
2021-07-16,-0.023343519663684642
2021-07-19,0.010846233347340695
2021-07-20,0.002808862523032696
2021-07-21,-0.0061621888094651744
2021-07-22,-0.016340863997113986
2021-07-23,-0.022927184271298362
2021-07-26,-0.05623783048302711
2021-07-27,-0.056686904591751186
2021-07-28,0.03689796241032428
2021-07-29,-0.012141196203255489
2021-07-30,-0.04553435335429967
2021-08-02,0.05121726064134435
2021-08-03,-0.0036536587867287418
2021-08-04,-0.016276586162971896
2021-08-05,-0.016349700473487272
2021-08-06,-0.018616031062177574
2021-08-09,0.015446317272776566
2021-08-10,0.07018573868488454
2021-08-11,-0.030235399730686785
2021-08-12,-0.03889224597899177
2021-08-13,0.006715359713192592
2021-08-16,-0.000558095035611772
2021-08-17,-0.04267822479857475
2021-08-18,-0.0104160879951114
2021-08-19,-2.1051449743181294e-05
2021-08-20,-0.05050349110557528
2021-08-23,0.016399621604044068
2021-08-24,0.039984875697135935
2021-08-25,0.02785507530099407
2021-08-26,-0.04762941296510437
2021-08-27,0.0007356722473002009
2021-08-30,-0.0071586099592465535
2021-08-31,-0.020128245679615797
2021-09-01,0.0469598262757871
2021-09-02,-0.0022493325578624157
2021-09-03,0.027684917268308906
2021-09-06,0.008508166473040424
2021-09-07,-0.001131627985770045
2021-09-08,-0.024354173450558902
2021-09-09,0.0006814167906659119
2021-09-10,0.01980321854415079
2021-09-13,-0.005846040636114713
2021-09-14,0.002056090138991662
2021-09-15,-0.02822007003720728
2021-09-16,0.01571627651637808
2021-09-17,0.03321207081730915
2021-09-22,-0.03239933471041123
2021-09-23,-0.0018644690421897314
2021-09-24,0.04096994611410487
2021-09-27,0.1073992048456387
2021-09-28,-0.019842417232904364
2021-09-29,-0.0012660250500879933
2021-09-30,0.006153543210180468
2021-10-08,0.005871272353646484
2021-10-11,0.016732738283435022
2021-10-12,0.0023143164693217866
2021-10-13,0.035147696695245534
2021-10-14,-0.010893497331381341
2021-10-15,0.0034788587944618587
2021-10-18,-0.06792485700182926
2021-10-19,0.007588406808383352
2021-10-20,0.01782026390314484
2021-10-21,0.0018225116640746553
2021-10-22,0.03456472699929658
2021-10-25,-0.016394307418175047
2021-10-26,-0.00713898373765709
2021-10-27,-0.02523812667679004
2021-10-28,0.0039961085660804585
2021-10-29,0.00036183665834665923
2021-11-01,-0.014149439662571539
2021-11-02,0.001019849758718605
2021-11-03,-0.024625400690803434
2021-11-04,0.024966880668501057
2021-11-05,0.009780771525154108
2021-11-08,9.846032664229121e-05
2021-11-09,-0.018514872198771903
2021-11-10,-0.022581797892281985
2021-11-11,0.010012379174764607
2021-11-12,0.00265450758249286
2021-11-15,-0.00800577631962296
2021-11-16,0.029919168443768962
2021-11-17,-0.008059116720807391
2021-11-18,-0.0018749062546872253
2021-11-19,0.022797856087359403
2021-11-22,0.0158311345646438
2021-11-23,0.02540753909663418
2021-11-24,0.026194380285746055
2021-11-25,0.008607853019334755
2021-11-26,-0.008528712005496542
2021-11-29,0.02519343218276271
2021-11-30,-0.03029473543081873
2021-12-01,0.0012789123484171494
2021-12-02,0.0005811043283641126
2021-12-03,0.021781631667318502
2021-12-06,-0.002577435620385371
2021-12-07,-0.006448955641566778
2021-12-08,0.049478974417217936
2021-12-09,0.023564997186269032
2021-12-10,0.001823823897908028
2021-12-13,0.014880638284399561
2021-12-14,0.0165342539827793
2021-12-15,-0.007672320314258241
2021-12-16,-0.008252237021153741
2021-12-17,-0.035492471687620486
2021-12-20,0.004450958626561308
2021-12-21,-0.011137100062230454
2021-12-22,0.005316609522156179
2021-12-23,0.03885423187342152
2021-12-24,0.03848671224053035
2021-12-27,-0.03114792638945163
2021-12-28,0.0032835975011615837
2021-12-29,-0.050008748186037955
2021-12-30,0.018417403362801288
2021-12-31,-0.013297306497595862
2022-01-04,0.0006630441813830767
2022-01-05,-0.014668886123546221
2022-01-06,-0.02284208454523584
2022-01-07,-0.022503217143176824
2022-01-10,0.013737207225771098
2022-01-11,-0.01436976308241289
2022-01-12,0.015152122729329642
2022-01-13,-0.050567694460746604
2022-01-14,-0.0061754444358592675
2022-01-17,-0.0032235299746422585
2022-01-18,0.018395742459605513
2022-01-19,0.01162400212095327
2022-01-20,0.03349873040277673
2022-01-21,0.008717457455201139
2022-01-24,-0.019434994162239483
2022-01-25,-0.0041019096668337696
2022-01-26,0.006864674385611558
2022-01-27,0.005681559929094027
2022-01-28,-0.044065804935370156
2022-02-07,-0.011252423053283556
2022-02-08,-0.017309807296896684
2022-02-09,0.03465768089144072
2022-02-10,-0.013509223660541081
2022-02-11,-0.013724017925247911
2022-02-14,0.011298752303555704
2022-02-15,0.013114264376400397
2022-02-16,0.0011381730258890332
2022-02-17,-0.0032751541855411404
2022-02-18,0.011825751889697145
2022-02-21,-0.017528386523994244
2022-02-22,-0.04109222565053772
2022-02-23,0.01186645587277968
2022-02-24,-0.03853954132431414
2022-02-25,0.022272637475385437
2022-02-28,-0.005398531300260578
2022-03-01,0.04267054428761252
2022-03-02,-0.008175238644833938
2022-03-03,-0.02720065940992511
2022-03-04,-0.0121489271562788
2022-03-07,-0.046355276933361944
2022-03-08,0.030553938945029335
2022-03-09,0.016672228354339458
2022-03-10,0.009625945236261702
2022-03-11,-0.015892367037405264
2022-03-14,-0.043841203489
2022-03-15,-0.06444840141387831
2022-03-16,0.051097948980171726
2022-03-17,0.030539921488077937
2022-03-18,-0.008103695836037872
2022-03-21,-0.002306873690402833
2022-03-22,-0.006161470272562419
2022-03-23,0.03812463335288796
2022-03-24,-0.020073590321524226
2022-03-25,-0.020268543456464894
2022-03-28,-0.01953072745271145
2022-03-29,0.004229541299424211
2022-03-30,0.04286451823270476
2022-03-31,-0.0072304224911737824
2022-04-01,0.04003070704949874
2022-04-06,-0.009469493845775334
2022-04-07,0.0
2022-04-08,0.012101294201569246
2022-04-11,-0.04027487602889723
2022-04-12,0.04065360505678384
2022-04-13,-0.00819114348363037
2022-04-14,0.025411669038422513
2022-04-15,-0.0018648394131641766
2022-04-18,-0.009416102341921695
2022-04-19,-0.00032583495206461865
2022-04-20,0.004199626421291347
2022-04-21,-0.01062368920403478
2022-04-22,-0.004403618790455921
2022-04-25,-0.041189293318462994
2022-04-26,0.01617891981917685
2022-04-27,0.04060979734124204
2022-04-28,0.025050000000000017
2022-04-29,-0.004036388468855123
2022-05-05,0.005277141772678684
2022-05-06,-0.026795284030010746
2022-05-09,-0.025655786944333236
2022-05-10,0.009113211909471675
2022-05-11,0.0011519344224735217
2022-05-12,-0.0033882574312812386
2022-05-13,0.00993143039387645
2022-05-16,-0.012783265543288791
2022-05-17,0.006397625201525203
2022-05-18,-0.004449869046710964
2022-05-19,-0.003192684920310551
2022-05-20,0.028192020908601734
2022-05-23,-0.011843572634556265
2022-05-24,-0.013240189649954659
2022-05-25,-0.0028688629335241744
2022-05-26,-0.008144355660359093
2022-05-27,0.007985115125203501
2022-05-30,0.014901553607137297
2022-05-31,0.016179451717408977
2022-06-01,-0.009806663310774288
2022-06-02,-0.0014121368454745875
2022-06-06,0.001257007818588729
2022-06-07,0.018768674517287254
2022-06-08,0.029390380657802417
2022-06-09,-0.0075418392510834265
2022-06-10,0.028707903116858224
2022-06-13,-0.02614792927161025
2022-06-14,0.009030269463240703
2022-06-15,0.0024461839530334206
2022-06-16,0.0011308312204643123
2022-06-17,0.04399315133644066
2022-06-20,-0.005113662247733575
2022-06-21,0.0021292427451204965
2022-06-22,-0.00556310757245182
2022-06-23,0.012118914696625183
2022-06-24,0.029457830641591576
2022-06-27,0.000848910473019604
2022-06-28,0.01401717310244921
2022-06-29,-0.00325895669932863
2022-06-30,0.01998822939599365
2022-07-01,-0.00852139163140575
2022-07-04,-0.005954273336171267
2022-07-05,0.008136559769292395
2022-07-06,-0.016674104862429262
2022-07-07,-0.006561823311970971
2022-07-08,0.004953873929412822
2022-07-11,-0.0193891858732802
2022-07-12,-0.008484327174422934
2022-07-13,0.005903659931161487
2022-07-14,-0.003298518746674972
2022-07-15,-0.001966557288623161
2022-07-18,0.0012160381926069608
2022-07-19,-0.004813261209388187
2022-07-20,0.003955115093849271
2022-07-21,-0.006246975000844146
2022-07-22,0.0045306270387821534
2022-07-25,-0.0013248692044018906
2022-07-26,0.0031387425835915916
2022-07-27,-0.01722595204195909
2022-07-28,-0.01236858379715522
2022-07-29,0.0002551079570491943
2022-08-01,-0.004718293531184803
2022-08-02,-0.00601027337425597
2022-08-03,0.0029412798668806417
2022-08-04,0.018115857363181664
2022-08-05,0.004561703495010949
2022-08-08,-0.007099936026320641
2022-08-09,-0.0008801753447352789
2022-08-10,-0.019576683018954877
2022-08-11,0.01814700838638461
2022-08-12,0.012170783198550916
2022-08-15,-0.0046217146504364814
2022-08-16,-0.0011736753213295037
2022-08-17,9.171156712151074e-05
2022-08-18,-0.012895756436415273
2022-08-19,-0.0002845098881701924
2022-08-22,-0.0005982215975420813
2022-08-23,-0.013930053349140548
2022-08-24,-0.00931770363691009
2022-08-25,0.018322863125832756
2022-08-26,0.00759452259662563
2022-08-29,-0.011120387764094741
2022-08-30,-0.0051712613890875225
2022-08-31,0.03182536127678626
2022-09-01,-0.024623592040028286
2022-09-02,-0.0034491845518695996
2022-09-05,-0.023505077096652838
2022-09-06,0.006017716156364372
2022-09-07,-0.016144661913193303
2022-09-08,-0.0018300431063309475
2022-09-09,0.01814516129032251
2022-09-13,0.020466034518859866
2022-09-14,-0.005862489447518993
2022-09-15,0.006486766995329463
2022-09-16,-0.012304014624200277
2022-09-19,0.007498101746393315
2022-09-20,0.003744700894959818
2022-09-21,-0.017597785025458168
2022-09-22,-0.016235162053070296
2022-09-23,0.008266720078661471
2022-09-26,0.017198514318049085
2022-09-27,0.014795000473440068
2022-09-28,-0.0029158599454151
2022-09-29,-0.0015499251356916321
2022-09-30,-0.004598414864888545
2022-10-10,-0.050904511375539974
2022-10-11,-0.0037265309159453253
2022-10-12,-0.012441263419947113
2022-10-13,-0.03781920391237492
2022-10-14,0.024640576387751745
2022-10-17,-0.01221578015431124
2022-10-18,-0.008199267437195124
2022-10-19,-0.03773350994068858
2022-10-20,-0.0030513439474897375
2022-10-21,-0.013262960292737325
2022-10-24,-0.08459014585458657
2022-10-25,-0.016211861088521462
2022-10-26,-0.011993784969116295
2022-10-27,-0.04886740417092739
2022-10-28,-0.033394148693555725
2022-10-31,-0.008426303549159075
2022-11-01,0.09518508446922058
2022-11-02,0.007720539739441534
2022-11-03,-0.024993840088702757
2022-11-04,0.060864277478558826
2022-11-07,-0.007042201097273271
2022-11-08,-0.016665792018712322
2022-11-09,-0.019044859870086306
2022-11-10,0.011735812102653398
2022-11-11,0.04082933874139627
2022-11-14,0.003579573551010684
2022-11-15,0.04044831440842511
2022-11-16,-0.0019437925867284989
2022-11-17,-0.012924837642792952
2022-11-18,9.327287337845824e-05
2022-11-21,-0.03382619862399483
2022-11-22,0.014828400433639866
2022-11-23,0.006621741261862324
2022-11-24,-0.021086526719776733
2022-11-25,0.0014999071839614242
2022-11-28,-0.008993379152857695
2022-11-29,0.06667464687574798
2022-11-30,0.0
2022-12-01,0.02230389406351696
2022-12-02,0.0021131205576443435
2022-12-05,0.021237265856063114
2022-12-06,0.015486102731185225
2022-12-07,-0.0026406823523198453
2022-12-08,0.0019989938838729238
2022-12-09,0.028392500891807337
2022-12-12,0.005794085151211492
2022-12-13,0.007012479403236682
2022-12-14,0.013236002942743408
2022-12-15,0.010089945732115524
2022-12-16,-7.436096049562302e-05
2022-12-19,-0.008595526855598945
2022-12-20,-0.0362554383157474
2022-12-21,0.015566625155666314
2022-12-22,0.018521357040670372
2022-12-23,0.00188116080162537
2022-12-26,-0.01811285800120177
2022-12-27,0.008190869570760206
2022-12-28,0.0
2022-12-29,-0.008851403895882237
2022-12-30,0.005103114813704401
2023-01-03,0.001910298476203831
2023-01-04,-0.00316720297970452
2023-01-05,0.048288089065121165
2023-01-06,0.0016791237035285178
2023-01-09,0.022651351940161213
2023-01-10,0.007840839827915724
2023-01-11,-0.0055779980271501994
2023-01-12,-0.006465440889927954
2023-01-13,0.03149756042480112
2023-01-16,0.014922191430398524
2023-01-17,-0.002781609586902545
2023-01-18,-0.008538883227925509
2023-01-19,-0.007343526615260054
2023-01-20,-0.01168386469853322
2023-01-30,0.01638106608610146
2023-01-31,-0.02432241012973102
2023-02-01,-0.00046623348264607234
2023-02-02,-0.005231336057249569
2023-02-03,-0.01074917793421093
2023-02-06,-0.01379997240005515
2023-02-07,0.0012167892581844697
2023-02-08,-0.007899518129394156
2023-02-09,0.020824783942866576
2023-02-10,-0.004799990400019216
2023-02-13,0.027944075675089053
2023-02-14,-0.007366482504604033
2023-02-15,-0.001648487999716397
2023-02-16,0.012321932685080528
2023-02-17,-0.023993124777110686
2023-02-20,0.03247776213723075
2023-02-21,-0.004641259637865769
2023-02-22,-0.018068742823503348
2023-02-23,-0.01068458511162429
2023-02-24,-0.017999964000071977
2023-02-27,0.013692436471615999
2023-02-28,0.002007136485281169
2023-03-01,0.014912085466280756
2023-03-02,-0.006241109530583211
2023-03-03,-0.005940346043049605
2023-03-06,-0.006539829964420929
2023-03-07,-0.011378117054492876
2023-03-08,-0.010922619229430053
2023-03-09,-0.00024705235657063174
2023-03-10,-0.012368025996330356
2023-03-13,0.0075062395616356525
2023-03-14,0.002483438569042651
2023-03-15,-0.009339369654480567
2023-03-16,0.0006689214111117447
2023-03-17,-0.006241175515100061
2023-03-20,-0.007795457260148297
2023-03-21,0.028765673807396697
2023-03-22,-0.001016216349381427
2023-03-23,0.0009309379662396644
2023-03-24,0.002315941189876325
2023-03-27,-0.006655236620393357
2023-03-28,0.008667087339000012
2023-03-29,0.005029224702079782
2023-03-30,0.006102509962347513
2023-03-31,0.012130990434713995
2023-04-03,-0.01074508440854094
2023-04-04,0.007584477264741762
2023-04-06,-0.010599665716724882
2023-04-07,-0.003627789964937511
2023-04-10,-0.011764634131466445
2023-04-11,-0.016169146552947655
2023-04-12,-0.032242483549433265
2023-04-13,0.01873253952306575
2023-04-14,-0.006095427157100541
2023-04-17,0.02533784865148636
2023-04-18,0.0031217416821192057
2023-04-19,0.0006224053477068558
2023-04-20,-0.010648951588323574
2023-04-21,-0.010317185879098356
2023-04-24,-0.013003925953218864
2023-04-25,0.016335515263859124
2023-04-26,0.008568443051201635
2023-04-27,0.008797046302226663
2023-04-28,0.0016183344848406112
2023-05-04,-0.0065995935843499165
2023-05-05,6.25559093441197e-05
2023-05-08,-0.01844032852308486
2023-05-09,0.0009431617586144192
2023-05-10,0.0019100129244207231
2023-05-11,-0.005039175939047014
2023-05-12,-0.006814669102149784
2023-05-15,0.006366272900898418
2023-05-16,-0.008313258401119517
2023-05-17,-0.0014755534936466974
2023-05-18,-0.006452986764924118
2023-05-19,0.005520663518805868
2023-05-22,0.03003546122195888
2023-05-23,-0.013451058839759944
2023-05-24,-0.008676472457761819
2023-05-25,-0.006347903588809656
2023-05-26,-0.00673691818258082
2023-05-29,-0.0010134937598669236
2023-05-30,-0.01346842950698135
2023-05-31,-0.025966406497205052
2023-06-01,0.0047510439437725704
2023-06-02,0.02335998491165925
2023-06-05,-0.0036859807670788225
2023-06-06,0.0013146854994814383
2023-06-07,-0.010615837324993826
2023-06-08,0.011403268937095312
2023-06-09,-0.0013186784204869406
2023-06-12,0.019806294440373184
2023-06-13,0.0019421624036202179
2023-06-14,0.018014176148662076
2023-06-15,0.017847735711338908
2023-06-16,0.026620189939326577
2023-06-19,-0.03261133652421089
2023-06-20,-0.0003390532878750907
2023-06-21,-0.004792322234993485
2023-06-26,-0.01693278636793938
2023-06-27,0.0013160682301129878
2023-06-28,0.011110968635396068
2023-06-29,-0.009302178117370996
2023-06-30,0.002048157298480513
2023-07-03,0.021142324250437605
2023-07-04,0.004065854329822205
2023-07-05,-0.009481802663875771
2023-07-06,-0.007798938338071437
2023-07-07,-0.008208879535485214
2023-07-10,0.00694741820645417
2023-07-11,0.005776017467692407
2023-07-12,0.0023981118024967163
2023-07-13,0.015487477807577532
2023-07-14,0.00905156914530858
2023-07-17,-0.014149842096855436
2023-07-18,-0.00446854258203222
2023-07-19,0.0001252050232254387
2023-07-20,0.0006259467444509337
2023-07-21,0.029588760024521932
2023-07-24,-9.113665637838775e-05
2023-07-25,0.03487813918443483
2023-07-26,0.0
2023-07-27,0.0055662221909071885
2023-07-28,0.03443282475286269
2023-07-31,-0.009268562526106527
2023-08-01,0.0047972834385467955
2023-08-02,-0.0051032558772496905
2023-08-03,-0.0008720035564065975
2023-08-04,0.008556515786771524
2023-08-07,-0.0031333955487683474
2023-08-08,0.0011744614214954652
2023-08-09,0.00015867798569635383
2023-08-10,-0.00865791054247933
2023-08-11,-0.023434195635523958
2023-08-14,-0.018143721687014946
2023-08-15,0.005949045649089824
2023-08-16,0.004159852094147709
2023-08-17,0.004750439636960202
2023-08-18,-0.01495333689644851
2023-08-21,-0.006910450341945151
2023-08-22,-0.0018011743656863866
2023-08-23,-0.008420647427492156
2023-08-24,0.025658445450023715
2023-08-25,0.005133421650264758
2023-08-28,0.005877991950857808
2023-08-29,0.009569769822467933
2023-08-30,0.002705818959273465
2023-08-31,-0.005200568595499777
2023-09-01,0.0023524901543932053
2023-09-04,0.008663502604845608
2023-09-05,-0.004194004297418119
2023-09-06,0.001326963906581824
2023-09-07,-0.013252054068380592
2023-09-08,-0.01138632939775075
2023-09-11,0.0021676471283105236
2023-09-12,-0.0013024900545159923
2023-09-13,-2.9506532746359504e-05
2023-09-14,-0.0007199806431433808
2023-09-15,-0.02167403898964726
2023-09-18,0.02849864479013875
2023-09-19,-0.0013264623366866513
2023-09-20,-0.0017278668484649318
2023-09-21,-0.015077299862237825
2023-09-22,0.030251588492322012
2023-09-25,-0.00964272038431635
2023-09-26,-0.00959600693630791
2023-09-27,-0.001183025943758964
2023-09-28,-0.009149699747716955
2023-10-09,-0.012880051161595407
2023-10-10,-0.004238365686191403
2023-10-11,0.005168492867479779
2023-10-12,0.004536985505843694
2023-10-13,-0.02107697310578227
2023-10-16,-0.01297998252931254
2023-10-17,-0.002430694056641425
2023-10-18,0.0012495470391982177
2023-10-19,-0.061151393378177654
2023-10-20,0.009969559611320067
2023-10-23,-0.0006712381052659255
2023-10-24,-0.0006782741544620885
2023-10-25,0.02276725995532214
2023-10-26,-0.0033954435338384714
2023-10-27,0.002896283318571724
2023-10-30,0.002765440375429362
2023-10-31,0.0023013924066908054
2023-11-01,0.06183457759306288
2023-11-02,-0.0008999921477195194
2023-11-03,0.019188914683691216
2023-11-06,0.0004508191859153854
2023-11-07,-0.012350436978975199
2023-11-08,0.004304367402071074
2023-11-09,-0.0025285130191521343
2023-11-10,-0.01094870826816241
2023-11-13,-0.0071739314841071655
2023-11-14,0.0007750613335937295
2023-11-15,0.004671158947464837
2023-11-16,-0.00781785846519889
2023-11-17,-0.004055963734912571
2023-11-20,0.00557739557739545
2023-11-21,0.0167982016761552
2023-11-22,-0.005100385682874964
2023-11-23,0.002711205308890241
2023-11-24,-0.005419793084344038
2023-11-27,-0.008476731372382806
2023-11-28,0.003688369423173299
2023-11-29,0.0034497024859760916
2023-11-30,0.010180138120039484
2023-12-01,-0.018738595985786977
2023-12-04,-0.005853712244473508
2023-12-05,-0.025663112429166524
2023-12-06,-0.0037888834160573204
2023-12-07,-0.0019016468261514596
2023-12-08,0.0031246427618794037
2023-12-11,-0.004381133270022208
2023-12-12,0.007624413384374806
2023-12-13,-0.03154799093760452
2023-12-14,-0.01570462276323159
2023-12-15,0.006024574969546004
2023-12-18,0.011187301754432166
2023-12-19,0.00846034700438647
2023-12-20,-0.003943003910736986
2023-12-21,0.013093872896784431
2023-12-22,0.0004156860738768753
2023-12-25,0.000862989266970704
2023-12-26,-0.001277400235041637
2023-12-27,-0.0018801800879976183
2023-12-28,0.037117008598485324
2023-12-29,0.0006239690610192472
2024-01-02,-0.02530746814185514
2024-01-03,0.005694594885633064
2024-01-04,-0.015746246094930916
2024-01-05,-0.003609184221977646
2024-01-08,-0.012440271283974624
2024-01-09,-0.0019445004454792247
2024-01-10,0.0003258008184117145
2024-01-11,0.0033025443270495725
2024-01-12,-0.00227885083590329
2024-01-15,-0.0019912281843382784
2024-01-16,-0.00037165510406356184
2024-01-17,-0.04072114851510966
2024-01-18,0.023030162917833774
2024-01-19,0.01603801801203031
2024-01-22,0.004579114006855622
2024-01-23,-0.014977078558032875
2024-01-24,0.004627548457043051
2024-01-25,0.007896399241945629
2024-01-26,-0.0004439569622898265
2024-01-29,0.008282168517308897
2024-01-30,-0.023968698175787728
2024-01-31,-0.0053694215095442255
2024-02-01,0.003416544885525896
2024-02-02,-0.009330256498925937
2024-02-05,0.022830406530261582
2024-02-06,0.03018330500298627
2024-02-07,0.0222911676265225
2024-02-08,-0.003109673640063093
2024-02-19,-0.006607571514302912
2024-02-20,-0.016002668160165046
2024-02-21,0.03047938197073563
2024-02-22,0.00044683307061199606
2024-02-23,-0.002661191270796337
2024-02-26,-0.011886028474222043
2024-02-27,-0.003449447962433738
2024-02-28,-0.005021538927980407
2024-02-29,0.008538435657015286
2024-03-01,-0.006256766623863874
2024-03-04,-0.005548728733040242
2024-03-05,0.011974674836622068
2024-03-06,-0.009157970266493787
2024-03-07,0.001956512072568861
2024-03-08,-0.007734687537643281
2024-03-11,0.014733788679390125
2024-03-12,0.03180390008626288
2024-03-13,-0.010709839627016882
2024-03-14,-0.006674356775829282
2024-03-15,0.0005340586595128372
2024-03-18,-0.005728756121327949
2024-03-19,-0.0001498183452564028
2024-03-20,0.000986451894861684
2024-03-21,-0.0003742328227134273
2024-03-22,-0.004773254798213
2024-03-25,-0.0077365316012864005
2024-03-26,0.012813627431777608
2024-03-27,-0.005171650124456417
2024-03-28,0.00040133443700285376
2024-03-29,0.0007898101948198288
2024-04-01,0.011543424068947372
2024-04-02,-0.004544863499297169
2024-04-03,0.0006966603842828434
2024-04-08,-0.030115801316517365
2024-04-09,-0.0028455336657393637
2024-04-10,-0.009152259142618413
2024-04-11,1.297302907254938e-05
2024-04-12,-0.009061543251517867
2024-04-15,0.025495676535468137
2024-04-16,-0.0019021357537691852
2024-04-17,-0.0019185511102015607
2024-04-18,0.0024220211702590255
2024-04-19,-0.015430244301548157
2024-04-22,0.018450711540459075
2024-04-23,0.010976962402947654
2024-04-24,0.0008323034628867632
2024-04-25,-0.00035280479814525645
2024-04-26,0.010329484723202498
2024-04-29,-0.003387166195707003
2024-04-30,0.0006259075659706959
2024-05-06,0.03452848600095071
2024-05-07,0.0059254601301181875
2024-05-08,-0.003624495095210567
2024-05-09,-0.004808011341356777
2024-05-10,-0.010317152417438469
2024-05-13,-0.02020016414930237
2024-05-14,-0.00251300260052012
2024-05-15,-0.0012408658486143809
2024-05-16,0.0028236534310526196
2024-05-17,0.006569973344679569
2024-05-20,-0.003729766019345049
2024-05-21,-0.002495819502333574
2024-05-22,-0.0045600120099081876
2024-05-23,-0.003581774423617068
2024-05-24,-0.00941545951604672
2024-05-27,-0.004430976088008354
2024-05-28,-0.0035042844353497804
2024-05-29,0.006006468504543339
2024-05-30,-0.015947132067768877
2024-05-31,-0.00035652241553651987
2024-06-03,-0.005874991083760883
2024-06-04,0.00900806877702931
2024-06-05,-0.005947455523376166
2024-06-06,-0.0027248842411945473
2024-06-07,-0.013452973283164638
2024-06-11,-0.03316896474227615
2024-06-12,0.001832253124401717
2024-06-13,-0.011376044112026973
2024-06-14,-6.902788036056151e-06
2024-06-17,-0.009318828174614158
2024-06-18,-0.013935534218704304
2024-06-19,0.007334756002769893
2024-06-20,-0.0006313308454221067
2024-06-21,-0.020425926185897114
2024-06-24,0.003976898162744602
2024-06-25,0.007208570347795762
2024-06-26,0.0018211322198680158
2024-06-27,0.0008983010086434096
2024-06-28,-0.016324511501360273
2024-07-01,-0.019404432630482416
2024-07-02,0.03686608935191282
2024-07-03,0.00657123072792265
2024-07-04,-0.010010108384343241
2024-07-05,-0.023214918811600427
2024-07-08,-0.023955399401840882
2024-07-09,0.013409591241744456
2024-07-10,-0.00032291444968757244
2024-07-11,0.017986271702822743
2024-07-12,0.012065048858760363
2024-07-15,-0.0027932562812638118
2024-07-16,0.000786017463878963
2024-07-17,0.01813560290169658
2024-07-18,-0.0027279867597970187
2024-07-19,0.01976695943237683
2024-07-22,-0.018356341971341616
2024-07-23,-0.030908426761077856
2024-07-24,-0.010858534605236447
2024-07-25,-0.006983833853639876
2024-07-26,-0.006125235231172255
2024-07-29,-0.017946909225914243
2024-07-30,-0.013632445674363725
2024-07-31,0.03165076079874285
2024-08-01,-0.02609522677287035
2024-08-02,-0.00054168701171875
2024-08-05,0.01874794848894279
2024-08-06,-0.003978809654045845
2024-08-07,0.008124821329160481
2024-08-08,0.011335313344178699
2024-08-09,0.004508393285371559
2024-08-12,-0.0005141916906621358
2024-08-13,-0.009620331309805663
2024-08-14,-0.007205562605282156
2024-08-15,0.01015801354401824
2024-08-16,0.0031891671907950947
2024-08-19,-0.004248539564524645
2024-08-20,-0.0020148148148148026
2024-08-21,-0.003815094115551254
2024-08-22,-0.005610443023827738
2024-08-23,0.003701455856017999
2024-08-26,-0.00223209286700754
2024-08-27,-0.005933141796851449
2024-08-28,-0.011342510706517372
2024-08-29,0.01849934529066055
2024-08-30,0.022341650097917665
2024-09-02,-0.03523304697495888
2024-09-03,0.011367425505471429
2024-09-04,-0.007493106342165157
2024-09-05,0.003684242314428987
2024-09-06,-0.005175111325069315
2024-09-09,-0.017390515364142267
2024-09-10,0.0023084736372309678
2024-09-11,0.001535437906891035
2024-09-12,-0.03444839639418662
2024-09-13,-0.024555024531207725
2024-09-18,-0.03030056401533343
2024-09-19,-0.004951907743440898
2024-09-20,0.0024629710853942832
2024-09-23,-0.002002557889068446
2024-09-24,0.09363460079251351
2024-09-25,0.020352153936291417
2024-09-26,0.09821995224999247
2024-09-27,0.06893420292247998
2024-09-30,0.07645968489341981
2024-10-08,-0.014947146888601881
2024-10-09,-0.07759960183544146
2024-10-10,0.02951220956629874
2024-10-11,-0.022376898297284842
2024-10-14,-0.0019613611846621692
2024-10-15,-0.031273132226261824
2024-10-16,-0.02146996571567683
2024-10-17,-0.019280472129697412
2024-10-18,0.03269539727726256
2024-10-21,-0.008324463003902993
2024-10-22,0.009770462927285672
2024-10-23,0.016694377061244436
2024-10-24,-0.010254279318526072
2024-10-25,0.004503101384111252
2024-10-28,0.0041458531356806105
2024-10-29,-0.022409302075780735
2024-10-30,0.00026095674985238126
2024-10-31,-0.0028903718350085095
2024-11-01,0.004103694013151138
2024-11-04,0.009908729968250984
2024-11-05,0.019548331024742627
2024-11-06,-0.003989211148479943
2024-11-07,0.052247987375966254
2024-11-08,-0.02489038571519353
2024-11-11,-0.007793917355802815
2024-11-12,-0.013667680303697027
2024-11-13,0.0008656509695290637
2024-11-14,-0.0031269543464665928
2024-11-15,-0.00987746602952555
2024-11-18,0.0
2024-11-19,-0.011512847474992483
2024-11-20,0.0019707053625006576
2024-11-21,0.00021778040929110176
2024-11-22,-0.0253863059556777
2024-11-25,-0.006457783549058238
2024-11-26,0.0073289158404361565
2024-11-27,0.007010519266720472
2024-11-28,-0.0007273432575279903
2024-11-29,0.005365461401952043
2024-12-02,-0.0005102392608425932
2024-12-03,0.001200364248461705
2024-12-04,-0.0046441121752911485
2024-12-05,-0.006230270809104543
2024-12-06,0.0069728886288278336
2024-12-09,-0.0015288087052166555
2024-12-10,0.019253685844141666
2024-12-11,-0.007470346327702826
2024-12-12,0.020682664913433957
2024-12-13,-0.031401808958909205
2024-12-16,0.005680401230291787
2024-12-17,0.021215627927481107
2024-12-18,0.009105870925965931
2024-12-19,-0.013695974760370544
2024-12-20,-0.003476622593302836
2024-12-23,0.0030263050515493273
2024-12-24,0.00838706615408591
2024-12-25,-0.00593036859728624
2024-12-26,-0.0014948188631259685
2024-12-27,0.0007993334372016214
2024-12-30,-0.0026871349185398907
2024-12-31,-0.0006786838961885255
2025-01-02,-0.0244492135502975
2025-01-03,-0.009050151764083414
2025-01-06,-0.024588321249929712
2025-01-07,0.0001440465558468773
2025-01-08,0.0016562968083879692
2025-01-09,0.001078407407939963
2025-01-10,-0.005745310390393832
2025-01-13,0.005764063448036705
2025-01-14,0.020482325735051266
2025-01-15,-0.0008656241642855944
2025-01-16,-0.01753174944178748
2025-01-17,0.006000774293457356
2025-01-20,0.014288870359680406
2025-01-21,-0.00467243753688773
2025-01-22,-0.019165743087272813
2025-01-23,0.0014394288346384343
2025-01-24,-0.005030759500948667
2025-01-27,-0.0007295368524457002
2025-02-05,-0.022545412489247796
2025-02-06,0.006685203809974505
2025-02-07,0.017013399153737785
2025-02-10,-0.0032431885816648354
2025-02-11,-0.009790209790209836
2025-02-12,0.01829571733848545
2025-02-13,0.01585407922727522
2025-02-14,0.0070321896002829565
2025-02-17,-0.002374529309279061
2025-02-18,0.0023801811191077604
2025-02-19,0.011240375428539284
2025-02-20,-0.011810148391040998
2025-02-21,0.009989876550153376
2025-02-24,-0.006362022761285058
2025-02-25,-0.017562048602111302
2025-02-26,0.004285388323208128
2025-02-27,0.01814050907025444
2025-02-28,0.010620641562064215
2025-03-03,-0.009501597399998563
2025-03-04,-0.011780195895392476
2025-03-05,-0.0026364950125127296
2025-03-06,0.02799669213533984
2025-03-07,0.010327140715886696
2025-03-10,0.001293009581881499
2025-03-11,0.017521443038318818
2025-03-12,-0.004074489686865412
2025-03-13,-0.0032259795307909567
2025-03-14,0.06071820267660688
2025-03-17,0.006248215928193135
2025-03-18,-0.008737313244657319
2025-03-19,0.007447025005723695
2025-03-20,-0.02001704384054548
2025-03-21,-0.019485455154466536
2025-03-24,0.006076770968144629
2025-03-25,-0.004897351512302195
2025-03-26,0.0003280969067023243
2025-03-27,0.008527721655165132
2025-03-28,-0.0024651368508689098
2025-03-31,-0.015785870309392602
2025-04-01,-0.003299236803052774
2025-04-02,-0.004652832245456873
2025-04-03,0.013262457761809898
2025-04-07,-0.04539582948883547
2025-04-08,0.031067907541907136
2025-04-09,-0.0026515963145490318
2025-04-10,0.005344146950613693
2025-04-11,0.013342771663639397
2025-04-14,-0.011196636395987891
2025-04-15,0.004005518418053411
2025-04-16,0.000776665516051045
2025-04-17,0.007183555428791344
2025-04-18,-0.002673796791443861
2025-04-21,-0.00986542347363284
2025-04-22,-0.0014672144267193765
2025-04-23,0.002137265902594221
2025-04-24,0.0001666177921142431
2025-04-25,-0.0014993103172540323
2025-04-28,0.0
2025-04-29,-0.004004164330904114
2025-04-30,0.0020101310605451506
2025-05-06,0.0021398384421975614
2025-05-07,0.00320290396626266
2025-05-08,0.01542462619060303
2025-05-09,0.008508937987593335
2025-05-12,0.008651485431470318
2025-05-13,-0.009143946321171437
2025-05-14,0.029043243172985678
2025-05-15,-0.001881990362693653
2025-05-16,-0.011313233572716741
2025-05-19,-0.022494992224348254
2025-05-20,0.004595985387123358
2025-05-21,-0.0032780688720315254
2025-05-22,-0.0006342315010363642
2025-05-23,-0.004841537777079963
2025-05-26,-0.014529532425182734
2025-05-27,-0.004403111532149451
2025-05-28,-0.004623611241405978
2025-05-29,0.002019603619129784
2025-05-30,-0.01209319824782995
2025-06-03,-0.008840891161829068
2025-06-04,0.0006586892084752272
2025-06-05,0.002770159078442136
2025-06-06,-0.005203632285769033
2025-06-09,-0.013939773031900637
2025-06-10,-0.0077376180683838
2025-06-11,0.0035055674593418296
2025-06-12,-0.014701352524432276
2025-06-13,-0.02277184107315411
2025-06-16,-0.003388129912243132
2025-06-17,0.0034361252763126515
2025-06-18,-0.0014540801488978072
2025-06-19,0.0007280987884437096
2025-06-20,0.0019353336631644513
2025-06-23,-0.006288577445356047
2025-06-24,0.012569056736137618
2025-06-25,-0.0009670621517855471
2025-06-26,0.008480820631366015
2025-06-27,-0.012112833443167714
2025-06-30,0.004662359603518018
2025-07-01,-0.0031900459020178795
2025-07-02,0.003258178026847469
2025-07-03,0.004330129037845243
2025-07-04,0.004756977379207106
2025-07-07,-0.00823881109378799
2025-07-08,0.00390123599232739
2025-07-09,0.0019897281183780535
2025-07-10,0.005462678863303871
2025-07-11,0.00035649607141330364
2025-07-14,-0.0024233093853346377
2025-07-15,-0.009002314880969475
2025-07-16,2.1628792248318263e-05
2025-07-17,0.003835422869790328
2025-07-18,0.014830614985743784
2025-07-21,0.004246164298250532
2025-07-22,0.01548934490923437
2025-07-23,0.007300384449903552
2025-07-24,0.011022775810518581
2025-07-25,-0.024871553756626752
2025-07-28,-0.011418269230769162
2025-07-29,0.00024033363964082177
2025-07-30,0.007377883310719202
2025-07-31,-0.01948115722423327
2025-08-01,-0.003341179500754854
2025-08-04,0.001435708953080983
2025-08-05,0.006265053331804049
2025-08-06,-0.002749718616877228
2025-08-07,-0.0010929195954054727
2025-08-08,-0.0009868491622510023
2025-08-11,0.01720102218309094
2025-08-12,-0.005601531272870552
2025-08-13,-0.012023381549522982
2025-08-14,0.004971026223237862
2025-08-15,-0.0034995687904036954
2025-08-18,0.004591880525276926
2025-08-19,0.006763780312415424
2025-08-20,0.008486322876297692
2025-08-21,-0.0012271745533084522
2025-08-22,0.011023036039008893
2025-08-25,0.018319571663692136
2025-08-26,-0.005946657392063237
2025-08-27,-0.023057661304153987
2025-08-28,-0.001334232184489137
2025-08-29,0.02383731559480773
2025-09-01,-0.0026784978434657436
2025-09-02,0.010467310314432376
2025-09-03,-0.007326182070958365
2025-09-04,-0.005416761065227593
2025-09-05,0.007137433561123618
2025-09-08,0.012494516942647138
2025-09-09,0.0025520047113933853
2025-09-10,0.011485172581429337
2025-09-11,0.0009946263475852923
2025-09-12,-0.005001533803699831
2025-09-15,-0.0006032009865686305
2025-09-16,-0.010139892967796493
2025-09-17,-0.0047289332122870675
2025-09-18,-0.017045145128791517
2025-09-19,6.9252077561365866e-06
2025-09-22,-0.010124583624767092
2025-09-23,-0.004148622839113214
2025-09-24,-0.0038076236775181904
2025-09-25,-0.0021155961750021213
2025-09-26,-0.0028267752148348757
2025-09-29,0.018326907812677318
2025-09-30,-0.011740552578467622
2025-10-09,-0.005077357520615777
2025-10-10,-0.004798912812672529
2025-10-13,-0.007681147051292969
2025-10-14,0.02280611221008577
2025-10-15,0.007694140400543725
2025-10-16,0.01593140663681125
2025-10-17,-0.020472979910332367
2025-10-20,0.0020474619856887255
2025-10-21,0.0030195889732700376
2025-10-22,-0.002475144267538032
2025-10-23,0.0064680708699833556
2025-10-24,-0.01245135108932005
2025-10-27,-0.006724916552130367
2025-10-28,0.003240495605210114
2025-10-29,-0.009218600461633697
2025-10-30,-0.0036649289032203436
2025-10-31,0.0023310854161022743
2025-11-03,0.0035489491838840426
2025-11-04,-0.004252182787164105
2025-11-05,-0.006348573706086658
2025-11-06,0.01077987565538785
2025-11-07,-0.0012755373200962206
2025-11-10,0.020555283566416227
2025-11-11,-0.002301263957061539
2025-11-12,0.004292593186205229
2025-11-13,0.0036289455241849122
2025-11-14,-0.0095269700363656
2025-11-17,0.01005137368773723
2025-11-18,0.0034553295002210938
2025-11-19,-0.003436544447811385
2025-11-20,-0.0026951383849900257
2025-11-21,-0.0003533936181270292
2025-11-24,-0.010120334941496223
2025-11-25,-0.005146914652250589
2025-11-26,0.003167474959350658
2025-11-27,-0.0012980725376968705
2025-11-28,0.002248233029353619
2025-12-01,-0.0017524920436861047
2025-12-02,-0.00840566276228194
2025-12-03,-0.004907688712315839
2025-12-04,-0.0036437650340892525
2025-12-05,0.004307081327409534
2025-12-08,-0.008385192560719679
2025-12-09,-0.012343465350795446
2025-12-10,0.0012998801786427983
2025-12-11,0.006665022772765594
2025-12-12,0.006239058233611816
2025-12-15,0.003830484932232592
2025-12-16,-0.0028529856494822203
2025-12-17,0.007939686990358075
2025-12-18,-0.0014902706615383954
2025-12-19,0.002103707073004335
2025-12-22,-0.0012340425531914834
2025-12-23,-0.00028403845880742296
2025-12-24,-0.004943673376614055
2025-12-25,0.009472481975872693
2025-12-26,-2.828514252173342e-05
2025-12-29,-0.008577712091533352
2025-12-30,-0.00875891583452204
2025-12-31,-0.009023400397202286
